Metric,Overall,Deep Calm,Calm,Turbulent,Stress Turbulent
BTC-ETH Correlation,0.8301876215619614,0.7760147962755751,0.851799056671779,0.7575459685057941,0.8752734680875439
